"(-123.17024993896482, 49.23470306396071)","(-123.17563629150388, 49.2153701782185)","(-123.03997802734376, 49.203960418697015)","(-123.14374542236328, 49.27323150634351)","(-123.1161651611328, 49.23348999023023)","(-123.05846405029298, 49.20421981811106)","(-123.16487884521484, 49.25742721557202)","(-123.10424041748048, 49.28816604613845)","(-123.14540100097656, 49.2718467712361)","(-123.06777954101564, 49.29010391234939)","(-123.0519027709961, 49.29414749145095)","(-123.11153411865232, 49.20444488524975)","(-123.1161651611328, 49.23348999023023)","(-123.09390258789064, 49.29051589965409)","(-123.14125823974612, 49.27829360961501)","(-123.05662536621094, 49.24317550658764)","(-123.096923828125, 49.26700592040602)","(-123.10616302490234, 49.218875885005616)","(-123.02356719970705, 49.23226928710523)","(-123.10616302490234, 49.218875885005616)","(-123.20515441894528, 49.27805709838453)"
"(-123.17870330810544, 49.23472213744702)","(-123.17217254638668, 49.215278625484125)","(-123.04232025146484, 49.20400238036693)","(-123.14389801025388, 49.2731781005818)","(-123.12804412841795, 49.23390579223219)","(-123.0594482421875, 49.20424270629467)","(-123.16487884521484, 49.25756835937086)","(-123.0992889404297, 49.28927230834548)","(-123.14534759521486, 49.27196121215408)","(-123.06262207031251, 49.2895355224568)","(-123.046630859375, 49.29418182372634)","(-123.11196899414062, 49.20445632934154)","(-123.1159896850586, 49.23793792724194)","(-123.07701873779298, 49.29024887084548)","(-123.14267730712892, 49.28133010863845)","(-123.05811309814452, 49.24182891845287)","(-123.09688568115234, 49.266975402827896)","(-123.14015197753906, 49.21930694579663)","(-123.03034210205078, 49.23193359374585)","(-123.1056213378906, 49.23311614989819)","(-123.18941497802732, 49.275215148921646)"
"(-123.17909240722652, 49.216804504390375)","(-123.17156982421874, 49.21524810790601)","(-123.0568313598633, 49.20420074462476)","(-123.14404296875, 49.27311706542555)","(-123.12721252441408, 49.25696945190016)","(-123.06043243408205, 49.20430374145092)","(-123.17807006835936, 49.25776672362869)","(-123.09999847412112, 49.272750854488045)","(-123.1452865600586, 49.27207565307204)","(-123.06242370605467, 49.29087448119704)","(-123.03739166259764, 49.2927322387654)","(-123.1124038696289, 49.204452514644274)","(-123.1159896850586, 49.238006591792725)","(-123.0774154663086, 49.26514053344312)","(-123.14553833007812, 49.28436279296462)","(-123.05819702148436, 49.24175262450756)","(-123.09683990478516, 49.26694869994703)","(-123.13959503173828, 49.234272003169686)","(-123.030517578125, 49.231929779048585)","(-123.09053802490232, 49.232822418208734)","(-123.18548583984374, 49.27497100829665)"
"(-123.17908477783202, 49.21555709838452)","(-123.17096710205077, 49.21519851684155)","(-123.05684661865234, 49.20718383788647)","(-123.14418792724612, 49.27305221557202)","(-123.12721252441408, 49.25709915160719)","(-123.06140899658205, 49.2043952941853)","(-123.17810058593749, 49.25716400146071)","(-123.10169982910158, 49.27297210692946)","(-123.1452178955078, 49.27218627929275)","(-123.05648803710938, 49.293487548824)","(-123.02320098876952, 49.293533325191184)","(-123.1128387451172, 49.20442962646069)","(-123.11599731445312, 49.23807907104079)","(-123.08094787597658, 49.26515579223218)","(-123.1454086303711, 49.28713607787673)","(-123.0582733154297, 49.241672515865)","(-123.09679412841795, 49.26692581176344)","(-123.12804412841795, 49.23390579223219)","(-123.03069305419922, 49.23192977904858)","(-123.07703399658205, 49.23266601562084)","(-123.18550109863278, 49.27325439452711)"
"(-123.17910003662108, 49.21555709838452)","(-123.17037200927732, 49.21512603759349)","(-123.0568389892578, 49.20729446410717)","(-123.14432525634768, 49.272983551021255)","(-123.11504364013672, 49.25687026977125)","(-123.0623779296875, 49.20452499389232)","(-123.17792510986328, 49.25693893432204)","(-123.11107635498048, 49.27292633056227)","(-123.1451416015625, 49.27229690551344)","(-123.05658721923828, 49.26217651366774)","(-123.02323150634764, 49.29302978515212)","(-123.11327362060548, 49.20439147948802)","(-123.11600494384768, 49.238147735591554)","(-123.08120727539064, 49.26517105102126)","(-123.14775085449216, 49.28890609740797)","(-123.05834197998048, 49.24158859252516)","(-123.09674072265626, 49.266899108882576)","(-123.1056213378906, 49.23311614989819)","(-123.03086853027342, 49.23193740844313)","(-123.07742309570314, 49.21997070312085)","(-123.1859436035156, 49.26113891601148)"
"(-123.17975616455077, 49.21558761596264)","(-123.1697845458984, 49.21503067016186)","(-123.05682373046876, 49.20740509032788)","(-123.14445495605467, 49.2729110717732)","(-123.11553192138672, 49.24527359008374)","(-123.06333160400392, 49.20469284057201)","(-123.17616271972652, 49.25561141967359)","(-123.1144485473633, 49.271774291988045)","(-123.14505004882812, 49.272399902339615)","(-123.07746887207033, 49.2623367309529)","(-123.02356719970705, 49.26552581786695)","(-123.11370086669922, 49.20433425902904)","(-123.11602783203126, 49.238216400142335)","(-123.08145904541016, 49.26519393920483)","(-123.14168548583984, 49.29291915893141)","(-123.05841064453124, 49.2415046691853)","(-123.09669494628906, 49.26688003539626)","(0.0, 0.0)","(-123.0310516357422, 49.23194885253491)","(-123.07701110839844, 49.219184875484125)","(-123.18392944335936, 49.25976562499586)"
"(-123.18041229248044, 49.2156372070271)","(-123.16920471191403, 49.2149162292439)","(-123.0568084716797, 49.20751571654858)","(-123.1445846557617, 49.27283096313063)","(-123.11554718017578, 49.24519348144115)","(-123.0642776489258, 49.204895019527086)","(-123.17501068115232, 49.25408172607007)","(-123.1211624145508, 49.2695388793904)","(-123.14495086669922, 49.27250289916579)","(-123.0774154663086, 49.26514053344312)","(-123.02411651611328, 49.26539993285719)","(-123.11412048339844, 49.204261779781)","(-123.11605072021486, 49.23828506469312)","(-123.08171081542967, 49.265224456782974)","(-123.13809967041016, 49.29351425170485)","(-123.0584716796875, 49.24141693114819)","(-123.09664154052736, 49.26685714721266)","(0.0, 0.0)","(-123.03122711181642, 49.2319717407185)","(-123.0771484375, 49.20761489867749)","(-123.1839904785156, 49.25786590575759)"
"(-123.1810607910156, 49.21571350097242)","(-123.16864013671872, 49.21477890014234)","(-123.05677795410156, 49.207622528072015)","(-123.14469909667967, 49.27274703979079)","(-123.11556243896484, 49.245109558101326)","(-123.06519317626952, 49.2051277160603)","(-123.1719055175781, 49.25155258178297)","(-123.12928009033205, 49.26953124999586)","(-123.14484405517577, 49.27260208129469)","(-123.07701873779298, 49.29024887084548)","(-123.02464294433594, 49.26525115966384)","(-123.11453247070312, 49.20417404174388)","(-123.11608123779295, 49.238349914546646)","(-123.08196258544923, 49.26527023315016)","(-123.13668060302734, 49.294456481929465)","(-123.05851745605467, 49.24132537841382)","(-123.09658813476562, 49.2668418884236)","(0.0, 0.0)","(-123.03139495849612, 49.231998443599366)","(-123.07750701904295, 49.20756149291577)","(-123.20321655273436, 49.25814819335523)"
"(-123.18170166015622, 49.215812683101305)","(-123.16809082031249, 49.21461868285717)","(-123.05673217773436, 49.20772933959545)","(-123.14481353759766, 49.27265930175368)","(-123.11559295654295, 49.24502944945875)","(-123.0660934448242, 49.20539855956616)","(-123.16960144042967, 49.2489624023396)","(-123.13768005371092, 49.27531814574782)","(-123.14473724365234, 49.27269744872633)","(0.0, 0.0)","(-123.02516937255858, 49.26508712768141)","(-123.1171875, 49.20354843139232)","(-123.1161117553711, 49.23841476440016)","(-123.08874511718751, 49.26657867431227)","(-123.12109375, 49.28436660766189)","(-123.05856323242188, 49.24123764037672)","(-123.0965347290039, 49.26682662963454)","(0.0, 0.0)","(-123.03156280517578, 49.23202896117749)","(-123.07786560058592, 49.20749664306224)","(-123.21538543701168, 49.258331298824)"
"(-123.18232727050778, 49.21593475341382)","(-123.16754913330077, 49.21443939208569)","(-123.0566864013672, 49.20783615111889)","(-123.14491271972656, 49.2725677490193)","(-123.11562347412108, 49.24494934081617)","(-123.06697082519533, 49.20569992065015)","(-123.17092895507812, 49.249671936031)","(-123.13233184814452, 49.27693176269117)","(-123.14461517333986, 49.2727890014607)","(0.0, 0.0)","(-123.02567291259768, 49.264904022212654)","(-123.117431640625, 49.203475952144274)","(-123.11615753173828, 49.23847961425366)","(-123.08895111083984, 49.26662445067945)","(-123.13233184814452, 49.27693176269117)","(-123.05860137939456, 49.24114227294507)","(-123.09647369384764, 49.26681137084547)","(0.0, 0.0)","(-123.03173065185548, 49.23207092284742)","(-123.07821655273438, 49.207420349116944)","(-123.215087890625, 49.26735687255446)"
"(-123.18295288085936, 49.21607971190991)","(-123.16702270507812, 49.21424102782788)","(-123.05663299560548, 49.207942962642335)","(-123.14500427246094, 49.27247238158765)","(-123.11566162109376, 49.24487304687087)","(-123.06781768798828, 49.20603179931226)","(-123.17218780517577, 49.25004577636304)","(-123.12109375, 49.28436660766189)","(-123.1444854736328, 49.27287292480055)","(0.0, 0.0)","(-123.02616119384766, 49.26470565795485)","(-123.11766052246097, 49.20339202880444)","(-123.11620330810548, 49.23854446410718)","(-123.0891571044922, 49.26665878295484)","(-123.13768005371092, 49.27531814574782)","(-123.05862426757812, 49.24105072021069)","(-123.09642028808594, 49.26679992675368)","(0.0, 0.0)","(-123.03189849853516, 49.23211669921459)","(-123.0785598754883, 49.20733261107984)","(-123.21713256835936, 49.26733398437087)"
"(-123.18355560302732, 49.2162475585896)","(-123.16651916503903, 49.21401977538647)","(-123.05656433105467, 49.208042144771234)","(-123.14509582519533, 49.27237319945876)","(-123.11569976806642, 49.24479293822829)","(-123.06854248046876, 49.206340789790765)","(-123.1709518432617, 49.24845886230054)","(-123.13668060302734, 49.294456481929465)","(-123.14434814453124, 49.27295684814039)","(0.0, 0.0)","(-123.0266342163086, 49.26449203490797)","(-123.11788940429688, 49.20330047607005)","(-123.1162567138672, 49.23860549926343)","(-123.08936309814456, 49.26668930053297)","(0.0, 0.0)","(-123.0586471557617, 49.240955352779054)","(-123.0963592529297, 49.26678848266188)","(0.0, 0.0)","(-123.03205871582033, 49.232166290279054)","(-123.07889556884766, 49.20723342895092)","(-123.21838378906249, 49.26725006103101)"
"(-123.18415069580077, 49.21643447875562)","(-123.16598510742186, 49.21378707885327)","(-123.05649566650388, 49.20814132690013)","(-123.14517211914062, 49.27227401732985)","(-123.11575317382812, 49.24472045898023)","(-123.0688247680664, 49.20645523070873)","(-123.1705627441406, 49.248119354243904)","(-123.13468933105467, 49.29581069945876)","(-123.1442108154297, 49.27303314208571)","(0.0, 0.0)","(-123.02709197998048, 49.26425933837477)","(-123.1181106567383, 49.20320129394116)","(-123.11631011962892, 49.23866271972241)","(-123.08956909179686, 49.2667083740193)","(0.0, 0.0)","(-123.05866241455078, 49.2408599853474)","(-123.09629821777344, 49.26678085326735)","(0.0, 0.0)","(-123.03221130371094, 49.23222351073804)","(-123.0792236328125, 49.20712280273021)","(-123.21961975097652, 49.26710891723218)"
"(-123.1847229003906, 49.21664428710522)","(-123.16542816162108, 49.21357727050365)","(-123.05641174316406, 49.20824050902903)","(-123.1452407836914, 49.27217102050368)","(-123.11580657958984, 49.24464416503492)","(-123.06912231445314, 49.20655822753492)","(-123.17015838623044, 49.24788284301343)","(-123.12271118164062, 49.29150009154861)","(-123.14405822753906, 49.27310562133375)","(0.0, 0.0)","(-123.02753448486328, 49.264011383052505)","(-123.11832427978516, 49.2030944824177)","(-123.1181182861328, 49.24026107787671)","(-123.08978271484374, 49.266723632808365)","(0.0, 0.0)","(-123.0586700439453, 49.24076461791577)","(-123.09623718261716, 49.266773223872825)","(0.0, 0.0)","(-123.03236389160158, 49.23228454589428)","(-123.07995605468751, 49.206874847407946)","(-123.21962738037108, 49.268829345699)"
"(-123.1852798461914, 49.21687316894117)","(-123.1648483276367, 49.21339035033765)","(-123.05604553222656, 49.20868682860913)","(-123.14530181884766, 49.27206420898024)","(-123.11586761474612, 49.24457550048413)","(-123.06942749023436, 49.20664978026928)","(-123.17024993896482, 49.23470306396071)","(-123.11226654052732, 49.29016494750564)","(-123.14390563964844, 49.27317047118727)","(0.0, 0.0)","(-123.02794647216795, 49.26375198363843)","(-123.11852264404295, 49.20298004149974)","(-123.1181640625, 49.24030685424391)","(-123.0899963378906, 49.26672744750563)","(0.0, 0.0)","(-123.05885314941406, 49.232807159419686)","(-123.09618377685548, 49.26677322387282)","(0.0, 0.0)","(-123.03250885009766, 49.23235321044507)","(-123.08071899414062, 49.206661224361085)","(-123.22189331054686, 49.26853942870681)"
"(-123.18581390380857, 49.21712112426342)","(-123.16425323486324, 49.213226318355225)","(-123.05572509765624, 49.209148406978265)","(-123.14535522460938, 49.271957397456816)","(-123.11593627929688, 49.244503021236085)","(-123.06974029541016, 49.20672988891185)","(-123.1552734375, 49.2345237731892)","(0.0, 0.0)","(-123.14374542236328, 49.27323150634351)","(0.0, 0.0)","(-123.02953338623048, 49.26270675658765)","(-123.11872100830077, 49.20285797118726)","(-123.1182098388672, 49.240352630611085)","(-123.09612274169923, 49.26676940917555)","(0.0, 0.0)","(-123.06444549560548, 49.232864379878656)","(-123.09612274169923, 49.26676940917555)","(0.0, 0.0)","(-123.03585815429688, 49.23410415649)","(-123.0814971923828, 49.20647811889233)","(-123.22174835205077, 49.2702598571736)"
"(-123.18633270263668, 49.217391967769295)","(-123.16365051269528, 49.21308517455639)","(-123.05545806884768, 49.20962524413646)","(-123.14540100097656, 49.2718467712361)","(-123.1160125732422, 49.24443817138258)","(-123.07006072998048, 49.20679473876538)","(-123.1550827026367, 49.23939895629468)","(0.0, 0.0)","(-123.1392822265625, 49.27482604980055)","(0.0, 0.0)","(-123.02969360351564, 49.262596130366944)","(-123.11890411376952, 49.20273208617747)","(-123.11824798583984, 49.240402221675545)","(-123.09619903564452, 49.26677703857008)","(0.0, 0.0)","(-123.06674194335938, 49.23255538940015)","(-123.0899963378906, 49.26672744750563)","(0.0, 0.0)","(-123.03645324707033, 49.233428955073975)","(-123.08839416503908, 49.20477676391185)","(-123.22431945800778, 49.27226638793532)"
"(-123.18682098388668, 49.21767807006421)","(-123.16310882568357, 49.21296310424388)","(-123.05509948730467, 49.21189498900952)","(-123.14598846435548, 49.25712203979079)","(-123.1160888671875, 49.24437332152907)","(-123.07438659667967, 49.20759963988842)","(-123.15506744384764, 49.23947906493727)","(0.0, 0.0)","(-123.13768005371092, 49.27531814574782)","(0.0, 0.0)","(-123.02986145019533, 49.262496948238045)","(-123.11907196044922, 49.20259857177319)","(-123.1182861328125, 49.240447998042725)","(-123.09628295898436, 49.26678848266187)","(0.0, 0.0)","(-123.07703399658205, 49.23266601562084)","(-123.08967590332033, 49.26670837401931)","(0.0, 0.0)","(-123.03650665283205, 49.23337554931226)","(-123.08956146240234, 49.20444488524975)","(-123.22484588623044, 49.274654388423606)"
"(-123.18728637695312, 49.217979431148194)","(-123.16258239746092, 49.21282196044505)","(-123.05507659912108, 49.21202087401929)","(-123.16487884521484, 49.25741958617749)","(-123.11617279052736, 49.24431228637281)","(-123.07478332519533, 49.2076454162556)","(-123.15503692626952, 49.23956298827711)","(0.0, 0.0)","(-123.12928009033205, 49.26953124999586)","(0.0, 0.0)","(-123.03004455566408, 49.2624015808064)","(-123.11923217773438, 49.202457427974366)","(-123.1183166503906, 49.24050140380445)","(-123.0963592529297, 49.266803741450936)","(0.0, 0.0)","(-123.09053802490232, 49.232822418208734)","(-123.08936309814456, 49.266674041743904)","(0.0, 0.0)","(-123.0365676879883, 49.23331832885327)","(-123.08972930908205, 49.20438385009349)","(-123.22457122802732, 49.27789688109938)"
"(-123.18772888183592, 49.21829986571849)","(-123.16207122802732, 49.21266174315991)","(-123.05503845214844, 49.21214675902904)","(-123.16487884521484, 49.25756835937086)","(-123.11626434326172, 49.24425125121655)","(-123.0751724243164, 49.20767593383373)","(-123.15500640869138, 49.23964309691969)","(0.0, 0.0)","(-123.1211624145508, 49.2695388793904)","(0.0, 0.0)","(-123.0302276611328, 49.26231002807204)","(-123.119384765625, 49.20231246947825)","(-123.11834716796876, 49.24055099486889)","(-123.096435546875, 49.26681900024)","(0.0, 0.0)","(-123.08984375, 49.25637817382398)","(-123.0890579223633, 49.26663208007399)","(0.0, 0.0)","(-123.03662872314452, 49.23326492309155)","(-123.08989715576172, 49.20432662963452)","(-123.22444915771484, 49.27892303466384)"
"(-123.18795013427732, 49.21846389770093)","(-123.16156768798828, 49.21248626708569)","(-123.05499267578124, 49.212268829341554)","(-123.1839904785156, 49.25786590575759)","(-123.11635589599608, 49.24419784545484)","(-123.07556915283205, 49.20769500732007)","(-123.15496826171874, 49.23972320556226)","(0.0, 0.0)","(-123.1144485473633, 49.271774291988045)","(0.0, 0.0)","(-123.03042602539064, 49.26222991942946)","(-123.11952209472656, 49.202159881587626)","(-123.11837005615236, 49.240604400630616)","(-123.09651184082033, 49.266838073726326)","(0.0, 0.0)","(-123.07779693603514, 49.25619888305251)","(-123.08874511718751, 49.26657867431227)","(0.0, 0.0)","(-123.03669738769533, 49.2332153320271)","(-123.09007263183597, 49.20427703857007)","(0.0, 0.0)"
"(-123.1881866455078, 49.21861648559156)","(-123.1610870361328, 49.21229171752515)","(-123.054931640625, 49.21239089965405)","(-123.18392944335936, 49.25976562499586)","(-123.1181411743164, 49.24317932128493)","(-123.07596588134766, 49.20769500732006)","(-123.15492248535158, 49.23979949950756)","(0.0, 0.0)","(-123.11504364013672, 49.25687026977125)","(0.0, 0.0)","(-123.03062438964844, 49.26215362548414)","(-123.1196517944336, 49.202014923091554)","(-123.11839294433597, 49.240657806392335)","(-123.09658813476562, 49.26686096190991)","(0.0, 0.0)","(-123.07778930664062, 49.25663375854078)","(-123.08196258544923, 49.26527023315016)","(0.0, 0.0)","(-123.0367660522461, 49.23316955565991)","(-123.09024810791016, 49.20423507690013)","(0.0, 0.0)"
"(-123.18843841552732, 49.21876144408764)","(-123.16061401367185, 49.21208190917553)","(-123.0548629760742, 49.21251296996656)","(-123.18593597412108, 49.26113891601148)","(-123.11817932128908, 49.24314117431226)","(-123.0763626098633, 49.207683563228265)","(-123.15487670898436, 49.23987960815015)","(0.0, 0.0)","(-123.12721252441408, 49.25709915160719)","(0.0, 0.0)","(-123.03083038330078, 49.26208496093336)","(-123.11979675292967, 49.201877593989984)","(-123.118408203125, 49.24071121215405)","(-123.0966567993164, 49.26688385009351)","(0.0, 0.0)","(-123.07758331298828, 49.25662612914625)","(-123.08179473876956, 49.26523590087477)","(0.0, 0.0)","(-123.0368423461914, 49.23312377929272)","(-123.0904312133789, 49.20419692992749)","(0.0, 0.0)"
"(-123.18869781494138, 49.21889877318919)","(-123.1601638793945, 49.21185302733958)","(-123.0547866821289, 49.21262741088452)","(-123.18548583984374, 49.27497100829665)","(-123.1182098388672, 49.24309921264233)","(-123.07675170898438, 49.207656860347406)","(-123.1548156738281, 49.23995208739821)","(0.0, 0.0)","(-123.12721252441408, 49.25696945190016)","(0.0, 0.0)","(-123.03104400634766, 49.26202774047437)","(-123.11995697021486, 49.20174026488841)","(-123.11842346191406, 49.24076461791577)","(-123.0967254638672, 49.26691055297437)","(0.0, 0.0)","(-123.07746887207033, 49.2623367309529)","(-123.08162689208984, 49.26520919799391)","(0.0, 0.0)","(-123.0369186401367, 49.2330818176228)","(-123.09061431884768, 49.20416641234935)","(0.0, 0.0)"
"(-123.18896484375, 49.219024658198975)","(-123.15972900390622, 49.211612701411866)","(-123.05469512939452, 49.2127418518025)","(-123.17374420166014, 49.27434158324782)","(-123.11824035644533, 49.24305725097241)","(-123.0771484375, 49.20761489867749)","(-123.15475463867186, 49.24002456664624)","(0.0, 0.0)","(-123.13176727294922, 49.2570304870564)","(0.0, 0.0)","(-123.03126525878906, 49.261974334712654)","(-123.12012481689452, 49.2016105651814)","(-123.11842346191406, 49.24081802367749)","(-123.09679412841795, 49.266941070552505)","(0.0, 0.0)","(-123.05658721923828, 49.26217651366774)","(-123.08145904541016, 49.26518630981031)","(0.0, 0.0)","(-123.03700256347656, 49.23304367065013)","(-123.0907974243164, 49.20414352416576)","(0.0, 0.0)"
"(-123.18924713134764, 49.2191429138142)","(-123.15931701660156, 49.21135711669506)","(-123.05459594726562, 49.21285247802319)","(-123.16479492187496, 49.27556610107008)","(-123.11827087402342, 49.24301528930249)","(-123.07701110839844, 49.219184875484125)","(-123.15468597412108, 49.240097045894295)","(0.0, 0.0)","(-123.13200378417967, 49.2571525573689)","(0.0, 0.0)","(-123.03148651123048, 49.26192855834546)","(-123.12030029296876, 49.2014884948689)","(-123.1184310913086, 49.24087142943921)","(-123.09686279296876, 49.26697158813063)","(0.0, 0.0)","(-123.05658721923828, 49.26198196410718)","(-123.08129119873048, 49.265171051021255)","(0.0, 0.0)","(-123.0370864868164, 49.23300552367751)","(-123.09098815917967, 49.20412445067944)","(0.0, 0.0)"
"(-123.18953704833984, 49.21924972533764)","(-123.15892791748044, 49.21108627318921)","(-123.0544891357422, 49.21295928954663)","(-123.15970611572264, 49.27554702758375)","(-123.11829376220702, 49.242973327632576)","(-123.07742309570314, 49.21997070312085)","(-123.15461730957033, 49.24016571044507)","(0.0, 0.0)","(-123.1322479248047, 49.25726699828687)","(0.0, 0.0)","(-123.03170776367188, 49.26189422607008)","(-123.12049102783205, 49.20137405395092)","(-123.1184310913086, 49.2409286498982)","(-123.096923828125, 49.26700592040602)","(0.0, 0.0)","(0.0, 0.0)","(-123.08111572265624, 49.26515960692946)","(0.0, 0.0)","(-123.03717803955078, 49.23297119140211)","(-123.09117126464844, 49.204116821284906)","(0.0, 0.0)"
"(-123.18983459472652, 49.21934890746656)","(-123.15856170654295, 49.210803985591554)","(-123.05437469482423, 49.2130622863728)","(-123.15265655517577, 49.280307769771255)","(-123.1183090209961, 49.24292755126539)","(-123.07703399658205, 49.23266601562084)","(-123.15453338623048, 49.24023056029859)","(0.0, 0.0)","(-123.13249969482422, 49.25737380981031)","(0.0, 0.0)","(-123.03193664550784, 49.26186370849196)","(-123.1206817626953, 49.20126342773022)","(-123.11834716796876, 49.24274444579663)","(-123.10066986083984, 49.269130706782974)","(0.0, 0.0)","(0.0, 0.0)","(-123.08094787597658, 49.26515579223218)","(0.0, 0.0)","(-123.03726959228516, 49.23294067382396)","(-123.09136199951172, 49.20411300658765)","(0.0, 0.0)"
"(-123.19014739990232, 49.2194328308064)","(-123.15821075439452, 49.21050643920484)","(-123.05175018310548, 49.21535491942944)","(-123.14600372314456, 49.28031539916578)","(-123.11832427978516, 49.242881774898194)","(-123.06674194335938, 49.23255538940015)","(-123.1544494628906, 49.24029159545484)","(0.0, 0.0)","(-123.13276672363284, 49.25747299193922)","(0.0, 0.0)","(-123.03216552734376, 49.26184463500563)","(-123.12088775634766, 49.20116424560131)","(-123.11834716796876, 49.24278640746655)","(-123.10060119628906, 49.270889282222434)","(0.0, 0.0)","(0.0, 0.0)","(-123.0774154663086, 49.26514053344312)","(0.0, 0.0)","(-123.03736114501952, 49.23291397094312)","(-123.10379028320312, 49.20408248900952)","(0.0, 0.0)"
"(-123.1904602050781, 49.21950912475172)","(-123.1578903198242, 49.21020126342358)","(-123.0515365600586, 49.21555709838451)","(-123.14358520507812, 49.27966690063063)","(-123.11833953857422, 49.24283599853101)","(-123.06444549560548, 49.232864379878656)","(-123.15435791015624, 49.24035263061109)","(0.0, 0.0)","(-123.1330337524414, 49.257560729976326)","(0.0, 0.0)","(-123.03239440917967, 49.26183319091383)","(-123.12110900878903, 49.201068878169664)","(-123.11833953857422, 49.24282455443922)","(-123.10003662109376, 49.27192306518141)","(0.0, 0.0)","(0.0, 0.0)","(-123.07758331298828, 49.25662612914625)","(0.0, 0.0)","(-123.0374526977539, 49.23289108275952)","(-123.10507202148438, 49.20407104491771)","(0.0, 0.0)"
"(-123.19077301025388, 49.21957397460523)","(-123.157600402832, 49.20988082885327)","(-123.05133819580078, 49.215766906734125)","(-123.14125823974612, 49.27829360961501)","(-123.11834716796876, 49.24279022216382)","(-123.05885314941406, 49.232807159419686)","(-123.15426635742185, 49.2404060363728)","(0.0, 0.0)","(-123.13331604003906, 49.25764083861892)","(0.0, 0.0)","(-123.03262329101564, 49.26182937621656)","(-123.12133026123048, 49.20098114013255)","(-123.11833190917967, 49.242866516109146)","(-123.09999847412112, 49.272750854488045)","(0.0, 0.0)","(0.0, 0.0)","(-123.07778930664062, 49.25663375854078)","(0.0, 0.0)","(-123.0375518798828, 49.2328720092732)","(-123.1063537597656, 49.20412063598216)","(0.0, 0.0)"
"(-123.19110107421872, 49.21962356566967)","(-123.15755462646482, 49.209831237788805)","(-123.05115509033205, 49.21598434447826)","(-123.13768005371092, 49.27531814574782)","(-123.11834716796876, 49.24274444579663)","(-123.04875183105467, 49.23275375365796)","(-123.15416717529295, 49.24045944213453)","(0.0, 0.0)","(-123.13359832763672, 49.25770950316969)","(0.0, 0.0)","(-123.04424285888672, 49.26187133788648)","(-123.12155914306642, 49.20090484618725)","(-123.1183166503906, 49.24290466308178)","(-123.0992889404297, 49.28927230834548)","(0.0, 0.0)","(0.0, 0.0)","(-123.07779693603514, 49.25619888305251)","(0.0, 0.0)","(-123.03765106201172, 49.23285675048412)","(-123.10696411132812, 49.20415878295483)","(0.0, 0.0)"
"(-123.19758605957028, 49.22055435180248)","(-123.15750122070312, 49.20978546142162)","(-123.05099487304688, 49.216209411616944)","(0.0, 0.0)","(-123.1184310913086, 49.2409286498982)","(-123.0488052368164, 49.22929382323803)","(-123.15406036376952, 49.24050903319898)","(0.0, 0.0)","(-123.1338882446289, 49.257770538325936)","(0.0, 0.0)","(-123.04424285888672, 49.261936187739984)","(-123.12179565429688, 49.20083618163648)","(-123.11830139160158, 49.2429466247517)","(0.0, 0.0)","(0.0, 0.0)","(0.0, 0.0)","(-123.08984375, 49.25637817382398)","(0.0, 0.0)","(-123.03775024414064, 49.23284149169508)","(0.0, 0.0)","(0.0, 0.0)"
"(-123.19785308837888, 49.220600128169664)","(-123.1574478149414, 49.20973968505445)","(-123.05085754394533, 49.21644210815013)","(0.0, 0.0)","(-123.1184310913086, 49.24087142943921)","(-123.0500717163086, 49.229293823238045)","(-123.1539611816406, 49.24055480956617)","(0.0, 0.0)","(-123.1341781616211, 49.25782012939039)","(0.0, 0.0)","(-123.05658721923828, 49.26198196410718)","(-123.1278533935547, 49.199172973628656)","(-123.11827850341798, 49.24298477172438)","(0.0, 0.0)","(0.0, 0.0)","(0.0, 0.0)","(-123.10120391845705, 49.25654602050365)","(0.0, 0.0)","(-123.03784942626956, 49.23283386230054)","(0.0, 0.0)","(0.0, 0.0)"
"(-123.19811248779295, 49.22065353393138)","(-123.15738677978511, 49.20969390868725)","(-123.05073547363284, 49.21667480468336)","(0.0, 0.0)","(-123.11842346191406, 49.24081802367749)","(-123.05055999755858, 49.21715927123606)","(-123.15384674072264, 49.24059677123608)","(0.0, 0.0)","(-123.1344757080078, 49.25785827636303)","(0.0, 0.0)","(-123.05658721923828, 49.26217651366774)","(-123.12913513183594, 49.19904327392162)","(-123.1182556152344, 49.24302291869702)","(0.0, 0.0)","(0.0, 0.0)","(0.0, 0.0)","(-123.11504364013672, 49.25687026977125)","(0.0, 0.0)","(-123.0467071533203, 49.23288726806225)","(0.0, 0.0)","(0.0, 0.0)"
"(-123.19836425781249, 49.2207183837849)","(-123.15732574462888, 49.20965194701733)","(-123.05063629150392, 49.216915130611085)","(0.0, 0.0)","(-123.11842346191406, 49.24076461791577)","(-123.05063629150392, 49.216915130611085)","(-123.15373229980466, 49.24063491820875)","(0.0, 0.0)","(-123.13478088378908, 49.257884979243904)","(0.0, 0.0)","(-123.05648803710938, 49.293487548824)","(-123.13042449951172, 49.19896697997631)","(-123.11823272705078, 49.24305725097241)","(0.0, 0.0)","(0.0, 0.0)","(0.0, 0.0)","(-123.1144485473633, 49.271774291988045)","(0.0, 0.0)","(-123.04875183105467, 49.23275375365796)","(0.0, 0.0)","(0.0, 0.0)"
"(-123.19861602783202, 49.22079086303296)","(-123.15726470947264, 49.20961380004467)","(-123.05055999755858, 49.21715927123606)","(0.0, 0.0)","(-123.118408203125, 49.24071121215405)","(-123.05073547363284, 49.21667480468336)","(-123.1536178588867, 49.24066925048413)","(0.0, 0.0)","(-123.13507843017577, 49.25790405273023)","(0.0, 0.0)","(0.0, 0.0)","(-123.13172149658202, 49.19894027709544)","(-123.11820220947268, 49.24309539794508)","(0.0, 0.0)","(0.0, 0.0)","(0.0, 0.0)","(-123.11107635498048, 49.27292633056227)","(0.0, 0.0)","(-123.05885314941406, 49.232807159419686)","(0.0, 0.0)","(0.0, 0.0)"
"(-123.19885253906249, 49.2208747863728)","(-123.15719604492186, 49.20957565307201)","(-123.0500717163086, 49.229293823238045)","(0.0, 0.0)","(-123.11839294433597, 49.240657806392335)","(-123.05085754394533, 49.21644210815013)","(-123.1534957885742, 49.24069976806226)","(0.0, 0.0)","(-123.13538360595705, 49.25791168212476)","(0.0, 0.0)","(0.0, 0.0)","(-123.13396453857422, 49.19893646239819)","(-123.11817169189452, 49.243129730220446)","(0.0, 0.0)","(0.0, 0.0)","(0.0, 0.0)","(-123.10169982910158, 49.27297210692946)","(0.0, 0.0)","(-123.0586700439453, 49.24076461791577)","(0.0, 0.0)","(0.0, 0.0)"
"(-123.19908905029294, 49.22096633910717)","(-123.15712738037108, 49.20954132079661)","(-123.0488052368164, 49.22929382323803)","(0.0, 0.0)","(-123.11837005615236, 49.240604400630616)","(-123.05099487304688, 49.216209411616944)","(-123.15337371826172, 49.24072647094313)","(0.0, 0.0)","(-123.13568878173828, 49.25790786742751)","(0.0, 0.0)","(0.0, 0.0)","(-123.13463592529298, 49.19893646239819)","(-123.11813354492188, 49.24316406249586)","(0.0, 0.0)","(0.0, 0.0)","(0.0, 0.0)","(-123.09999847412112, 49.272750854488045)","(0.0, 0.0)","(-123.05866241455078, 49.2408599853474)","(0.0, 0.0)","(0.0, 0.0)"
"(-123.19931793212888, 49.22106170653881)","(-123.15705108642577, 49.20950698852124)","(-123.04875183105467, 49.23275375365796)","(0.0, 0.0)","(-123.11834716796876, 49.24055099486889)","(-123.05115509033205, 49.21598434447826)","(-123.1532516479492, 49.24074935912672)","(0.0, 0.0)","(-123.135986328125, 49.25789642333571)","(0.0, 0.0)","(0.0, 0.0)","(-123.13531494140624, 49.19896316527904)","(-123.11809539794922, 49.24319458007397)","(0.0, 0.0)","(0.0, 0.0)","(0.0, 0.0)","(-123.10003662109376, 49.27192306518141)","(0.0, 0.0)","(-123.0586471557617, 49.240955352779054)","(0.0, 0.0)","(0.0, 0.0)"
"(-123.19953155517577, 49.22116851806226)","(-123.15697479248044, 49.209480285640375)","(-123.0467071533203, 49.23288726806225)","(0.0, 0.0)","(-123.1183166503906, 49.24050140380445)","(-123.05133819580078, 49.215766906734125)","(-123.15312957763672, 49.24076461791578)","(0.0, 0.0)","(-123.13616943359376, 49.257884979243904)","(0.0, 0.0)","(0.0, 0.0)","(-123.135986328125, 49.19901657104076)","(-123.11805725097656, 49.24322509765211)","(0.0, 0.0)","(0.0, 0.0)","(0.0, 0.0)","(-123.10060119628906, 49.270889282222434)","(0.0, 0.0)","(-123.05862426757812, 49.24105072021069)","(0.0, 0.0)","(0.0, 0.0)"
"(-123.19974517822264, 49.22128295898022)","(-123.15689849853511, 49.20945358275952)","(-123.03839874267578, 49.2328720092732)","(0.0, 0.0)","(-123.1182861328125, 49.240447998042725)","(-123.0515365600586, 49.21555709838451)","(-123.15299987792966, 49.24077606200756)","(0.0, 0.0)","(-123.13634490966795, 49.25786590575759)","(0.0, 0.0)","(0.0, 0.0)","(-123.1371841430664, 49.19914245605053)","(-123.11801147460936, 49.24325561523023)","(0.0, 0.0)","(0.0, 0.0)","(0.0, 0.0)","(-123.10066986083984, 49.269130706782974)","(0.0, 0.0)","(-123.05860137939456, 49.24114227294507)","(0.0, 0.0)","(0.0, 0.0)"
"(-123.19994354248044, 49.221405029292725)","(-123.1568145751953, 49.209426879878656)","(-123.0383071899414, 49.23286056518141)","(0.0, 0.0)","(-123.11824798583984, 49.240402221675545)","(-123.05175018310548, 49.21535491942944)","(-123.15287780761716, 49.24078750609938)","(0.0, 0.0)","(-123.13652038574216, 49.25783920287672)","(0.0, 0.0)","(0.0, 0.0)","(-123.13775634765626, 49.19926834106029)","(-123.1179656982422, 49.24328231811109)","(0.0, 0.0)","(0.0, 0.0)","(0.0, 0.0)","(0.0, 0.0)","(0.0, 0.0)","(-123.05856323242188, 49.24123764037672)","(0.0, 0.0)","(0.0, 0.0)"
"(-123.20550537109372, 49.22499465941967)","(-123.15673065185544, 49.20940780639232)","(-123.03821563720705, 49.23285293578687)","(0.0, 0.0)","(-123.1182098388672, 49.240352630611085)","(-123.05437469482423, 49.2130622863728)","(-123.15274810791014, 49.24079132079663)","(0.0, 0.0)","(-123.13669586181642, 49.25780868529859)","(0.0, 0.0)","(0.0, 0.0)","(-123.13831329345705, 49.19941329955638)","(-123.117919921875, 49.24330902099194)","(0.0, 0.0)","(0.0, 0.0)","(0.0, 0.0)","(0.0, 0.0)","(0.0, 0.0)","(-123.05851745605467, 49.24132537841382)","(0.0, 0.0)","(0.0, 0.0)"
"(-123.20590972900388, 49.22529983520093)","(-123.1566467285156, 49.20938873290601)","(-123.03811645507812, 49.232845306392335)","(0.0, 0.0)","(-123.1181640625, 49.24030685424391)","(-123.0544891357422, 49.21295928954663)","(-123.1526184082031, 49.240791320796646)","(0.0, 0.0)","(-123.1368637084961, 49.2577743530232)","(0.0, 0.0)","(0.0, 0.0)","(-123.13885498046876, 49.19957733153881)","(-123.11635589599608, 49.24419784545484)","(0.0, 0.0)","(0.0, 0.0)","(0.0, 0.0)","(0.0, 0.0)","(0.0, 0.0)","(-123.0584716796875, 49.24141693114819)","(0.0, 0.0)","(0.0, 0.0)"
"(-123.20629119873044, 49.225616455073975)","(-123.15656280517577, 49.20937347411694)","(-123.03802490234376, 49.23284530639232)","(0.0, 0.0)","(-123.1181182861328, 49.24026107787671)","(-123.05459594726562, 49.21285247802319)","(-123.1524963378906, 49.24078369140211)","(0.0, 0.0)","(-123.13703155517578, 49.25772857665602)","(0.0, 0.0)","(0.0, 0.0)","(-123.13938903808597, 49.19976043700757)","(-123.11626434326172, 49.24425125121655)","(0.0, 0.0)","(0.0, 0.0)","(0.0, 0.0)","(0.0, 0.0)","(0.0, 0.0)","(-123.05841064453124, 49.2415046691853)","(0.0, 0.0)","(0.0, 0.0)"
"(-123.20664215087888, 49.22594451903882)","(-123.15647125244138, 49.209362030025126)","(-123.03792572021484, 49.23284530639233)","(0.0, 0.0)","(-123.11631011962892, 49.23866271972241)","(-123.05469512939452, 49.2127418518025)","(-123.1523666381836, 49.24077606200757)","(0.0, 0.0)","(-123.13719177246097, 49.257682800288826)","(0.0, 0.0)","(0.0, 0.0)","(-123.13990783691408, 49.19996261596264)","(-123.11617279052736, 49.24431228637281)","(0.0, 0.0)","(0.0, 0.0)","(0.0, 0.0)","(0.0, 0.0)","(0.0, 0.0)","(-123.05834197998048, 49.24158859252516)","(0.0, 0.0)","(0.0, 0.0)"
"(-123.20697021484372, 49.22628784179272)","(-123.15638732910156, 49.20935440063062)","(-123.03783416748048, 49.23284912108959)","(0.0, 0.0)","(-123.1162567138672, 49.23861312865795)","(-123.0547866821289, 49.21262741088452)","(-123.15223693847652, 49.24076080321852)","(0.0, 0.0)","(-123.13735198974612, 49.25762557982984)","(0.0, 0.0)","(0.0, 0.0)","(-123.1404037475586, 49.20018005370677)","(-123.1160888671875, 49.24437332152907)","(0.0, 0.0)","(0.0, 0.0)","(0.0, 0.0)","(0.0, 0.0)","(0.0, 0.0)","(-123.0582733154297, 49.241672515865)","(0.0, 0.0)","(0.0, 0.0)"
"(-123.20726776123044, 49.22663879394116)","(-123.15629577636716, 49.20934295653882)","(-123.0377426147461, 49.23285675048413)","(0.0, 0.0)","(-123.1162109375, 49.23856353759351)","(-123.0548629760742, 49.21251296996656)","(-123.15211486816403, 49.24074554442945)","(0.0, 0.0)","(-123.13750457763672, 49.25756835937086)","(0.0, 0.0)","(0.0, 0.0)","(-123.14088439941406, 49.20041656493724)","(-123.1160125732422, 49.24443817138258)","(0.0, 0.0)","(0.0, 0.0)","(0.0, 0.0)","(0.0, 0.0)","(0.0, 0.0)","(-123.05819702148436, 49.24175262450756)","(0.0, 0.0)","(0.0, 0.0)"
"(-123.20754241943357, 49.227001190181376)","(-123.15621185302732, 49.20933151244702)","(-123.03765106201172, 49.23286819457592)","(0.0, 0.0)","(-123.1161651611328, 49.2385101318318)","(-123.054931640625, 49.21239089965405)","(-123.15199279785156, 49.24072265624585)","(0.0, 0.0)","(-123.13765716552732, 49.25749969482009)","(0.0, 0.0)","(0.0, 0.0)","(-123.14134979248048, 49.20066833495678)","(-123.11593627929688, 49.244503021236085)","(0.0, 0.0)","(0.0, 0.0)","(0.0, 0.0)","(0.0, 0.0)","(0.0, 0.0)","(-123.05811309814452, 49.24182891845287)","(0.0, 0.0)","(0.0, 0.0)"
"(-123.20888519287108, 49.22894668578687)","(-123.15612030029294, 49.20931625365794)","(-123.03755950927732, 49.23288345336498)","(0.0, 0.0)","(-123.11612701416016, 49.23845672607008)","(-123.05499267578124, 49.212268829341554)","(-123.15007019042967, 49.24038696288647)","(0.0, 0.0)","(-123.13780212402344, 49.2574310302693)","(0.0, 0.0)","(0.0, 0.0)","(-123.14179229736328, 49.200935363765375)","(-123.11586761474612, 49.24457168578687)","(0.0, 0.0)","(0.0, 0.0)","(0.0, 0.0)","(0.0, 0.0)","(0.0, 0.0)","(-123.05662536621094, 49.24317550658764)","(0.0, 0.0)","(0.0, 0.0)"
"(-123.20916748046872, 49.229259490962654)","(-123.15603637695312, 49.209297180171625)","(-123.03746795654298, 49.23289871215405)","(0.0, 0.0)","(-123.11609649658202, 49.23840332030835)","(-123.05503845214844, 49.21214675902904)","(-123.14994049072266, 49.24036788940016)","(0.0, 0.0)","(-123.137939453125, 49.25735473632398)","(0.0, 0.0)","(0.0, 0.0)","(-123.14220428466798, 49.20121765136303)","(-123.11580657958984, 49.24464416503492)","(0.0, 0.0)","(0.0, 0.0)","(0.0, 0.0)","(0.0, 0.0)","(0.0, 0.0)","(-123.05658721923828, 49.26198196410718)","(0.0, 0.0)","(0.0, 0.0)"
"(-123.2094802856445, 49.22956085204663)","(-123.15595245361324, 49.20927429198803)","(-123.0373764038086, 49.23292160033765)","(0.0, 0.0)","(-123.1160659790039, 49.23834609984936)","(-123.05507659912108, 49.21202087401929)","(-123.14981842041016, 49.240352630611085)","(0.0, 0.0)","(-123.13806915283205, 49.25727462768141)","(0.0, 0.0)","(0.0, 0.0)","(-123.1426010131836, 49.20151519774976)","(-123.11575317382812, 49.24472045898023)","(0.0, 0.0)","(0.0, 0.0)","(0.0, 0.0)","(0.0, 0.0)","(0.0, 0.0)","(-123.04424285888672, 49.261936187739984)","(0.0, 0.0)","(0.0, 0.0)"
"(-123.2098236083984, 49.229846954341554)","(-123.15588378906249, 49.20925140380443)","(-123.03728485107422, 49.23294448852124)","(0.0, 0.0)","(-123.11603546142578, 49.23829269408765)","(-123.05509948730467, 49.21189498900952)","(-123.14968872070312, 49.240341186519295)","(0.0, 0.0)","(-123.13819122314452, 49.25719070434156)","(0.0, 0.0)","(0.0, 0.0)","(-123.1429748535156, 49.201824188228265)","(-123.11569976806642, 49.24479293822829)","(0.0, 0.0)","(0.0, 0.0)","(0.0, 0.0)","(0.0, 0.0)","(0.0, 0.0)","(-123.04424285888672, 49.26187133788648)","(0.0, 0.0)","(0.0, 0.0)"
"(-123.21018218994138, 49.23012161254467)","(-123.1558151245117, 49.20922470092359)","(-123.03720092773438, 49.23297119140212)","(0.0, 0.0)","(-123.11602020263672, 49.2382316589314)","(-123.05545806884768, 49.20962524413646)","(-123.14955902099608, 49.24033737182203)","(0.0, 0.0)","(-123.1383056640625, 49.25709915160719)","(0.0, 0.0)","(0.0, 0.0)","(-123.14328002929688, 49.20207595824778)","(-123.11566162109376, 49.24487304687087)","(0.0, 0.0)","(0.0, 0.0)","(0.0, 0.0)","(0.0, 0.0)","(0.0, 0.0)","(-123.03262329101564, 49.26182937621656)","(0.0, 0.0)","(0.0, 0.0)"
"(-123.21057128906249, 49.230381011958734)","(-123.15574645996092, 49.20919799804272)","(-123.03711700439456, 49.23299789428297)","(0.0, 0.0)","(-123.11600494384768, 49.23817443847241)","(-123.05572509765624, 49.209148406978265)","(-123.14942932128903, 49.24033355712476)","(0.0, 0.0)","(-123.13842010498048, 49.2570075988728)","(0.0, 0.0)","(0.0, 0.0)","(-123.14360809326172, 49.20231628417554)","(-123.11562347412108, 49.24494934081617)","(0.0, 0.0)","(0.0, 0.0)","(0.0, 0.0)","(0.0, 0.0)","(0.0, 0.0)","(-123.03239440917967, 49.26183319091383)","(0.0, 0.0)","(0.0, 0.0)"
"(-123.21098327636716, 49.23062515258374)","(-123.15567779541014, 49.20916748046459)","(-123.03704071044923, 49.23303222655836)","(0.0, 0.0)","(-123.1159896850586, 49.23811721801344)","(-123.05604553222656, 49.20868682860913)","(-123.14929962158205, 49.24033737182204)","(0.0, 0.0)","(-123.14598846435548, 49.25712203979079)","(0.0, 0.0)","(0.0, 0.0)","(-123.14395904541016, 49.20254516601147)","(-123.11559295654295, 49.24502944945875)","(0.0, 0.0)","(0.0, 0.0)","(0.0, 0.0)","(0.0, 0.0)","(0.0, 0.0)","(-123.03216552734376, 49.26184463500563)","(0.0, 0.0)","(0.0, 0.0)"
"(-123.21141815185544, 49.23085403441967)","(-123.15561676025388, 49.2091331481892)","(-123.03695678710938, 49.23306655883374)","(0.0, 0.0)","(-123.11598205566408, 49.23805618285719)","(-123.05641174316406, 49.20824050902903)","(-123.149169921875, 49.240341186519295)","(0.0, 0.0)","(0.0, 0.0)","(0.0, 0.0)","(0.0, 0.0)","(-123.14432525634768, 49.20275878905835)","(-123.11556243896484, 49.245109558101326)","(0.0, 0.0)","(0.0, 0.0)","(0.0, 0.0)","(0.0, 0.0)","(0.0, 0.0)","(-123.03193664550784, 49.26186752318922)","(0.0, 0.0)","(0.0, 0.0)"
"(-123.219856262207, 49.23502349853101)","(-123.15555572509764, 49.20909881591382)","(-123.0368881225586, 49.23310470580639)","(0.0, 0.0)","(-123.11598205566408, 49.23799896239819)","(-123.05649566650388, 49.20814132690013)","(-123.14904022216795, 49.24035263061108)","(0.0, 0.0)","(0.0, 0.0)","(0.0, 0.0)","(0.0, 0.0)","(-123.14471435546876, 49.20295715331615)","(-123.11554718017578, 49.24519348144115)","(0.0, 0.0)","(0.0, 0.0)","(0.0, 0.0)","(0.0, 0.0)","(0.0, 0.0)","(-123.03170776367188, 49.26189422607008)","(0.0, 0.0)","(0.0, 0.0)"
"(-123.22194671630858, 49.23657608031812)","(-123.15549468994138, 49.20906448363843)","(-123.03681182861328, 49.233142852779054)","(0.0, 0.0)","(-123.1159896850586, 49.23793792724194)","(-123.05656433105467, 49.208042144771234)","(-123.14891815185548, 49.24036788940015)","(0.0, 0.0)","(0.0, 0.0)","(0.0, 0.0)","(0.0, 0.0)","(-123.1451187133789, 49.20314407348217)","(-123.11553192138672, 49.24527359008374)","(0.0, 0.0)","(0.0, 0.0)","(0.0, 0.0)","(0.0, 0.0)","(0.0, 0.0)","(-123.03148651123048, 49.26193237304273)","(0.0, 0.0)","(0.0, 0.0)"
"(-123.21992492675778, 49.23954772948803)","(-123.15544128417967, 49.20902633666576)","(-123.0367431640625, 49.23318481444898)","(0.0, 0.0)","(0.0, 0.0)","(-123.05663299560548, 49.207942962642335)","(-123.14878845214844, 49.24039077758374)","(0.0, 0.0)","(0.0, 0.0)","(0.0, 0.0)","(0.0, 0.0)","(-123.14553833007812, 49.203311920161845)","(-123.11504364013672, 49.25687026977125)","(0.0, 0.0)","(0.0, 0.0)","(0.0, 0.0)","(0.0, 0.0)","(0.0, 0.0)","(-123.03126525878906, 49.26197814940991)","(0.0, 0.0)","(0.0, 0.0)"
"(-123.20859527587888, 49.23518371581616)","(-123.15538787841794, 49.20898437499584)","(-123.03667449951172, 49.23323059081616)","(0.0, 0.0)","(0.0, 0.0)","(-123.0566864013672, 49.20783615111889)","(-123.14866638183592, 49.240413665767335)","(0.0, 0.0)","(0.0, 0.0)","(0.0, 0.0)","(0.0, 0.0)","(-123.14724731445312, 49.20394897460521)","(-123.08984375, 49.25637817382398)","(0.0, 0.0)","(0.0, 0.0)","(0.0, 0.0)","(0.0, 0.0)","(0.0, 0.0)","(-123.03104400634766, 49.26202774047437)","(0.0, 0.0)","(0.0, 0.0)"
"(-123.20560455322264, 49.237201690669686)","(-123.15534210205077, 49.20894241332592)","(-123.03661346435544, 49.23327636718334)","(0.0, 0.0)","(0.0, 0.0)","(-123.05673217773436, 49.20772933959545)","(-123.1485443115234, 49.240440368648194)","(0.0, 0.0)","(0.0, 0.0)","(0.0, 0.0)","(0.0, 0.0)","(-123.14832305908202, 49.20432281493724)","(-123.09053802490232, 49.232822418208734)","(0.0, 0.0)","(0.0, 0.0)","(0.0, 0.0)","(0.0, 0.0)","(0.0, 0.0)","(-123.03083801269533, 49.26208877563063)","(0.0, 0.0)","(0.0, 0.0)"
"(-123.19683074951168, 49.23485565185131)","(-123.15529632568358, 49.208900451656)","(-123.03656005859376, 49.23332595824781)","(0.0, 0.0)","(0.0, 0.0)","(-123.05677795410156, 49.207622528072015)","(-123.14842224121097, 49.24047470092358)","(0.0, 0.0)","(0.0, 0.0)","(0.0, 0.0)","(0.0, 0.0)","(-123.14993286132814, 49.20480346679271)","(-123.1056213378906, 49.23311614989819)","(0.0, 0.0)","(0.0, 0.0)","(0.0, 0.0)","(0.0, 0.0)","(0.0, 0.0)","(-123.03063201904295, 49.26215744018141)","(0.0, 0.0)","(0.0, 0.0)"
"(-123.19685363769528, 49.23651504516186)","(-123.15291595458984, 49.207023620601305)","(-123.03650665283205, 49.23337936400952)","(0.0, 0.0)","(0.0, 0.0)","(-123.0568084716797, 49.20751571654858)","(-123.14830780029295, 49.24051284789625)","(0.0, 0.0)","(0.0, 0.0)","(0.0, 0.0)","(0.0, 0.0)","(-123.14884948730467, 49.20867156982006)","(0.0, 0.0)","(0.0, 0.0)","(0.0, 0.0)","(0.0, 0.0)","(0.0, 0.0)","(0.0, 0.0)","(-123.03042602539064, 49.26222991942946)","(0.0, 0.0)","(0.0, 0.0)"
"(-123.19857025146482, 49.23651885985914)","(-123.15283966064452, 49.2069587707478)","(-123.03645324707033, 49.233428955073975)","(0.0, 0.0)","(0.0, 0.0)","(-123.05682373046876, 49.20740509032788)","(-123.14819335937496, 49.2405509948689)","(0.0, 0.0)","(0.0, 0.0)","(0.0, 0.0)","(0.0, 0.0)","(-123.14817810058592, 49.20894622802319)","(0.0, 0.0)","(0.0, 0.0)","(0.0, 0.0)","(0.0, 0.0)","(0.0, 0.0)","(0.0, 0.0)","(-123.03023529052736, 49.2623138427693)","(0.0, 0.0)","(0.0, 0.0)"
"(-123.19857025146482, 49.238346099849366)","(-123.1527633666992, 49.20689010619701)","(-123.03585815429688, 49.23410415649)","(0.0, 0.0)","(0.0, 0.0)","(-123.0568389892578, 49.20729446410717)","(-123.14808654785158, 49.240596771236085)","(0.0, 0.0)","(0.0, 0.0)","(0.0, 0.0)","(0.0, 0.0)","(-123.1486587524414, 49.20946121215406)","(0.0, 0.0)","(0.0, 0.0)","(0.0, 0.0)","(0.0, 0.0)","(0.0, 0.0)","(0.0, 0.0)","(-123.03004455566408, 49.2624015808064)","(0.0, 0.0)","(0.0, 0.0)"
"(-123.19685363769528, 49.23847961425365)","(-123.15270233154295, 49.20682144164623)","(-123.03250885009766, 49.23235321044507)","(0.0, 0.0)","(0.0, 0.0)","(-123.05684661865234, 49.20718383788647)","(-123.14797973632812, 49.24064636230053)","(0.0, 0.0)","(0.0, 0.0)","(0.0, 0.0)","(0.0, 0.0)","(-123.1482391357422, 49.21940231322826)","(0.0, 0.0)","(0.0, 0.0)","(0.0, 0.0)","(0.0, 0.0)","(0.0, 0.0)","(0.0, 0.0)","(-123.02986907958984, 49.262496948238045)","(0.0, 0.0)","(0.0, 0.0)"
"(-123.1967849731445, 49.24619674682202)","(-123.15264129638668, 49.20674896239818)","(-123.03236389160158, 49.23228454589428)","(0.0, 0.0)","(0.0, 0.0)","(-123.0568313598633, 49.20420074462476)","(-123.1478729248047, 49.24069595336498)","(0.0, 0.0)","(0.0, 0.0)","(0.0, 0.0)","(0.0, 0.0)","(-123.14015197753906, 49.21930694579663)","(0.0, 0.0)","(0.0, 0.0)","(0.0, 0.0)","(0.0, 0.0)","(0.0, 0.0)","(0.0, 0.0)","(-123.02969360351564, 49.262596130366944)","(0.0, 0.0)","(0.0, 0.0)"
"(-123.19854736328122, 49.24620819091382)","(-123.15258789062496, 49.20667266845288)","(-123.03221130371094, 49.23222351073804)","(0.0, 0.0)","(0.0, 0.0)","(0.0, 0.0)","(-123.14777374267577, 49.240753173823975)","(0.0, 0.0)","(0.0, 0.0)","(0.0, 0.0)","(0.0, 0.0)","(-123.10616302490234, 49.218875885005616)","(0.0, 0.0)","(0.0, 0.0)","(0.0, 0.0)","(0.0, 0.0)","(0.0, 0.0)","(0.0, 0.0)","(-123.02953338623048, 49.26270675658765)","(0.0, 0.0)","(0.0, 0.0)"
"(-123.19858551025388, 49.24620819091383)","(-123.1525344848633, 49.20659637450756)","(-123.03205871582033, 49.232166290279054)","(0.0, 0.0)","(0.0, 0.0)","(0.0, 0.0)","(-123.14768218994142, 49.24081039428297)","(0.0, 0.0)","(0.0, 0.0)","(0.0, 0.0)","(0.0, 0.0)","(-123.10696411132812, 49.20415878295483)","(0.0, 0.0)","(0.0, 0.0)","(0.0, 0.0)","(0.0, 0.0)","(0.0, 0.0)","(0.0, 0.0)","(-123.02794647216795, 49.26375198363843)","(0.0, 0.0)","(0.0, 0.0)"
"(-123.19863128662108, 49.24620819091383)","(-123.15249633789062, 49.20652008056224)","(-123.03189849853516, 49.23211669921459)","(0.0, 0.0)","(0.0, 0.0)","(0.0, 0.0)","(-123.14759063720705, 49.24087142943921)","(0.0, 0.0)","(0.0, 0.0)","(0.0, 0.0)","(0.0, 0.0)","(0.0, 0.0)","(0.0, 0.0)","(0.0, 0.0)","(0.0, 0.0)","(0.0, 0.0)","(0.0, 0.0)","(0.0, 0.0)","(-123.02762603759766, 49.26398086547438)","(0.0, 0.0)","(0.0, 0.0)"
"(-123.19867706298828, 49.24621200561109)","(-123.15246582031249, 49.20643997191967)","(-123.03173065185548, 49.23207092284742)","(0.0, 0.0)","(0.0, 0.0)","(0.0, 0.0)","(-123.1475067138672, 49.24093627929272)","(0.0, 0.0)","(0.0, 0.0)","(0.0, 0.0)","(0.0, 0.0)","(0.0, 0.0)","(0.0, 0.0)","(0.0, 0.0)","(0.0, 0.0)","(0.0, 0.0)","(0.0, 0.0)","(0.0, 0.0)","(-123.02729034423828, 49.26419830321852)","(0.0, 0.0)","(0.0, 0.0)"
"(-123.19871520996092, 49.24621582030837)","(-123.1524353027344, 49.20635986327709)","(-123.03156280517578, 49.23202896117749)","(0.0, 0.0)","(0.0, 0.0)","(0.0, 0.0)","(-123.14743041992188, 49.24100494384351)","(0.0, 0.0)","(0.0, 0.0)","(0.0, 0.0)","(0.0, 0.0)","(0.0, 0.0)","(0.0, 0.0)","(0.0, 0.0)","(0.0, 0.0)","(0.0, 0.0)","(0.0, 0.0)","(0.0, 0.0)","(-123.02693176269533, 49.26440429687086)","(0.0, 0.0)","(0.0, 0.0)"
"(-123.1987609863281, 49.24622344970289)","(-123.15242004394533, 49.206275939937264)","(-123.03139495849612, 49.231998443599366)","(0.0, 0.0)","(0.0, 0.0)","(0.0, 0.0)","(-123.1473617553711, 49.24107360839428)","(0.0, 0.0)","(0.0, 0.0)","(0.0, 0.0)","(0.0, 0.0)","(0.0, 0.0)","(0.0, 0.0)","(0.0, 0.0)","(0.0, 0.0)","(0.0, 0.0)","(0.0, 0.0)","(0.0, 0.0)","(-123.02655792236328, 49.26459503173415)","(0.0, 0.0)","(0.0, 0.0)"
"(-123.19879913330077, 49.24623107909742)","(-123.15238952636716, 49.2061920165974)","(-123.03122711181642, 49.2319717407185)","(0.0, 0.0)","(0.0, 0.0)","(0.0, 0.0)","(-123.14729309082033, 49.24114608764234)","(0.0, 0.0)","(0.0, 0.0)","(0.0, 0.0)","(0.0, 0.0)","(0.0, 0.0)","(0.0, 0.0)","(0.0, 0.0)","(0.0, 0.0)","(0.0, 0.0)","(0.0, 0.0)","(0.0, 0.0)","(-123.0261688232422, 49.26477050780836)","(0.0, 0.0)","(0.0, 0.0)"
"(-123.19884490966795, 49.24623870849194)","(-123.15235900878903, 49.20610809325756)","(-123.0310516357422, 49.23194885253491)","(0.0, 0.0)","(0.0, 0.0)","(0.0, 0.0)","(-123.14723205566403, 49.24122238158766)","(0.0, 0.0)","(0.0, 0.0)","(0.0, 0.0)","(0.0, 0.0)","(0.0, 0.0)","(0.0, 0.0)","(0.0, 0.0)","(0.0, 0.0)","(0.0, 0.0)","(0.0, 0.0)","(0.0, 0.0)","(-123.02576446533205, 49.26493453979079)","(0.0, 0.0)","(0.0, 0.0)"
"(-123.1988830566406, 49.24624633788648)","(-123.15231323242185, 49.20602798461498)","(-123.03086853027342, 49.23193740844313)","(0.0, 0.0)","(0.0, 0.0)","(0.0, 0.0)","(-123.14717864990234, 49.24129867553296)","(0.0, 0.0)","(0.0, 0.0)","(0.0, 0.0)","(0.0, 0.0)","(0.0, 0.0)","(0.0, 0.0)","(0.0, 0.0)","(0.0, 0.0)","(0.0, 0.0)","(0.0, 0.0)","(0.0, 0.0)","(-123.0253448486328, 49.26508331298414)","(0.0, 0.0)","(0.0, 0.0)"
"(-123.19892120361328, 49.24625778197829)","(-123.15226745605467, 49.205944061275154)","(-123.03069305419922, 49.23192977904858)","(0.0, 0.0)","(0.0, 0.0)","(0.0, 0.0)","(-123.14712524414062, 49.24137496947828)","(0.0, 0.0)","(0.0, 0.0)","(0.0, 0.0)","(0.0, 0.0)","(0.0, 0.0)","(0.0, 0.0)","(0.0, 0.0)","(0.0, 0.0)","(0.0, 0.0)","(0.0, 0.0)","(0.0, 0.0)","(-123.02491760253908, 49.2652206420857)","(0.0, 0.0)","(0.0, 0.0)"
"(-123.19895935058592, 49.24627304076734)","(-123.15221405029294, 49.20586776732984)","(-123.030517578125, 49.231929779048585)","(0.0, 0.0)","(0.0, 0.0)","(0.0, 0.0)","(-123.14708709716795, 49.24145507812086)","(0.0, 0.0)","(0.0, 0.0)","(0.0, 0.0)","(0.0, 0.0)","(0.0, 0.0)","(0.0, 0.0)","(0.0, 0.0)","(0.0, 0.0)","(0.0, 0.0)","(0.0, 0.0)","(0.0, 0.0)","(-123.02447509765624, 49.26533889770094)","(0.0, 0.0)","(0.0, 0.0)"
"(-123.19899749755857, 49.2462882995564)","(-123.1521530151367, 49.20579147338452)","(-123.03034210205078, 49.23193359374585)","(0.0, 0.0)","(0.0, 0.0)","(0.0, 0.0)","(-123.14704895019533, 49.24153900146069)","(0.0, 0.0)","(0.0, 0.0)","(0.0, 0.0)","(0.0, 0.0)","(0.0, 0.0)","(0.0, 0.0)","(0.0, 0.0)","(0.0, 0.0)","(0.0, 0.0)","(0.0, 0.0)","(0.0, 0.0)","(-123.0240249633789, 49.26544189452712)","(0.0, 0.0)","(0.0, 0.0)"
"(-123.19903564453124, 49.2462997436482)","(-123.15208435058592, 49.20571517943921)","(-123.02356719970705, 49.23226928710523)","(0.0, 0.0)","(0.0, 0.0)","(0.0, 0.0)","(-123.14701843261716, 49.24161911010329)","(0.0, 0.0)","(0.0, 0.0)","(0.0, 0.0)","(0.0, 0.0)","(0.0, 0.0)","(0.0, 0.0)","(0.0, 0.0)","(0.0, 0.0)","(0.0, 0.0)","(0.0, 0.0)","(0.0, 0.0)","(-123.02356719970705, 49.26552581786695)","(0.0, 0.0)","(0.0, 0.0)"
"(-123.19906616210936, 49.24631881713453)","(-123.15201568603514, 49.20564270019115)","(-123.0232620239258, 49.209407806392335)","(0.0, 0.0)","(0.0, 0.0)","(0.0, 0.0)","(-123.14699554443358, 49.24170303344312)","(0.0, 0.0)","(0.0, 0.0)","(0.0, 0.0)","(0.0, 0.0)","(0.0, 0.0)","(0.0, 0.0)","(0.0, 0.0)","(0.0, 0.0)","(0.0, 0.0)","(0.0, 0.0)","(0.0, 0.0)","(-123.0235595703125, 49.2347908019978)","(0.0, 0.0)","(0.0, 0.0)"
"(-123.2049407958984, 49.24926376342359)","(-123.15193939208986, 49.205574035640375)","(-123.0235595703125, 49.2001457214314)","(0.0, 0.0)","(0.0, 0.0)","(0.0, 0.0)","(-123.14698028564452, 49.24178695678295)","(0.0, 0.0)","(0.0, 0.0)","(0.0, 0.0)","(0.0, 0.0)","(0.0, 0.0)","(0.0, 0.0)","(0.0, 0.0)","(0.0, 0.0)","(0.0, 0.0)","(0.0, 0.0)","(0.0, 0.0)","(0.0, 0.0)","(0.0, 0.0)","(0.0, 0.0)"
"(-123.20099639892577, 49.249973297115)","(-123.15185546874996, 49.20550537108959)","(0.0, 0.0)","(0.0, 0.0)","(0.0, 0.0)","(0.0, 0.0)","(-123.14697265625, 49.2418708801228)","(0.0, 0.0)","(0.0, 0.0)","(0.0, 0.0)","(0.0, 0.0)","(0.0, 0.0)","(0.0, 0.0)","(0.0, 0.0)","(0.0, 0.0)","(0.0, 0.0)","(0.0, 0.0)","(0.0, 0.0)","(0.0, 0.0)","(0.0, 0.0)","(0.0, 0.0)"
"(-123.20079040527342, 49.25001144408765)","(-123.1517639160156, 49.20544052123608)","(0.0, 0.0)","(0.0, 0.0)","(0.0, 0.0)","(0.0, 0.0)","(-123.14696502685548, 49.241954803462654)","(0.0, 0.0)","(0.0, 0.0)","(0.0, 0.0)","(0.0, 0.0)","(0.0, 0.0)","(0.0, 0.0)","(0.0, 0.0)","(0.0, 0.0)","(0.0, 0.0)","(0.0, 0.0)","(0.0, 0.0)","(0.0, 0.0)","(0.0, 0.0)","(0.0, 0.0)"
"(-123.20057678222656, 49.250038146968514)","(-123.15167236328122, 49.20537948607984)","(0.0, 0.0)","(0.0, 0.0)","(0.0, 0.0)","(0.0, 0.0)","(-123.14694976806642, 49.24256134032788)","(0.0, 0.0)","(0.0, 0.0)","(0.0, 0.0)","(0.0, 0.0)","(0.0, 0.0)","(0.0, 0.0)","(0.0, 0.0)","(0.0, 0.0)","(0.0, 0.0)","(0.0, 0.0)","(0.0, 0.0)","(0.0, 0.0)","(0.0, 0.0)","(0.0, 0.0)"
"(-123.20036315917967, 49.25005722045483)","(-123.15157318115232, 49.20532226562084)","(0.0, 0.0)","(0.0, 0.0)","(0.0, 0.0)","(0.0, 0.0)","(-123.14694976806642, 49.24273300170482)","(0.0, 0.0)","(0.0, 0.0)","(0.0, 0.0)","(0.0, 0.0)","(0.0, 0.0)","(0.0, 0.0)","(0.0, 0.0)","(0.0, 0.0)","(0.0, 0.0)","(0.0, 0.0)","(0.0, 0.0)","(0.0, 0.0)","(0.0, 0.0)","(0.0, 0.0)"
"(-123.20014190673824, 49.25006866454663)","(-123.15146636962892, 49.20526885985912)","(0.0, 0.0)","(0.0, 0.0)","(0.0, 0.0)","(0.0, 0.0)","(-123.14697265625, 49.24290084838452)","(0.0, 0.0)","(0.0, 0.0)","(0.0, 0.0)","(0.0, 0.0)","(0.0, 0.0)","(0.0, 0.0)","(0.0, 0.0)","(0.0, 0.0)","(0.0, 0.0)","(0.0, 0.0)","(0.0, 0.0)","(0.0, 0.0)","(0.0, 0.0)","(0.0, 0.0)"
"(-123.19992828369138, 49.25007247924389)","(-123.15135955810548, 49.20521926879467)","(0.0, 0.0)","(0.0, 0.0)","(0.0, 0.0)","(0.0, 0.0)","(-123.14700317382814, 49.24307250976148)","(0.0, 0.0)","(0.0, 0.0)","(0.0, 0.0)","(0.0, 0.0)","(0.0, 0.0)","(0.0, 0.0)","(0.0, 0.0)","(0.0, 0.0)","(0.0, 0.0)","(0.0, 0.0)","(0.0, 0.0)","(0.0, 0.0)","(0.0, 0.0)","(0.0, 0.0)"
"(-123.19867706298828, 49.25007629394118)","(-123.14993286132814, 49.20480346679271)","(0.0, 0.0)","(0.0, 0.0)","(0.0, 0.0)","(0.0, 0.0)","(-123.14704895019533, 49.24324035644117)","(0.0, 0.0)","(0.0, 0.0)","(0.0, 0.0)","(0.0, 0.0)","(0.0, 0.0)","(0.0, 0.0)","(0.0, 0.0)","(0.0, 0.0)","(0.0, 0.0)","(0.0, 0.0)","(0.0, 0.0)","(0.0, 0.0)","(0.0, 0.0)","(0.0, 0.0)"
"(-123.19867706298828, 49.24992370605055)","(-123.14884948730467, 49.20867156982006)","(0.0, 0.0)","(0.0, 0.0)","(0.0, 0.0)","(0.0, 0.0)","(-123.14710235595705, 49.24340438842359)","(0.0, 0.0)","(0.0, 0.0)","(0.0, 0.0)","(0.0, 0.0)","(0.0, 0.0)","(0.0, 0.0)","(0.0, 0.0)","(0.0, 0.0)","(0.0, 0.0)","(0.0, 0.0)","(0.0, 0.0)","(0.0, 0.0)","(0.0, 0.0)","(0.0, 0.0)"
"(-123.19660949707028, 49.2499275207478)","(-123.14817810058592, 49.20894622802319)","(0.0, 0.0)","(0.0, 0.0)","(0.0, 0.0)","(0.0, 0.0)","(-123.14717864990234, 49.24356842040601)","(0.0, 0.0)","(0.0, 0.0)","(0.0, 0.0)","(0.0, 0.0)","(0.0, 0.0)","(0.0, 0.0)","(0.0, 0.0)","(0.0, 0.0)","(0.0, 0.0)","(0.0, 0.0)","(0.0, 0.0)","(0.0, 0.0)","(0.0, 0.0)","(0.0, 0.0)"
"(-123.19654846191403, 49.25651931762281)","(-123.1486587524414, 49.20946121215406)","(0.0, 0.0)","(0.0, 0.0)","(0.0, 0.0)","(0.0, 0.0)","(-123.1472625732422, 49.24372863769117)","(0.0, 0.0)","(0.0, 0.0)","(0.0, 0.0)","(0.0, 0.0)","(0.0, 0.0)","(0.0, 0.0)","(0.0, 0.0)","(0.0, 0.0)","(0.0, 0.0)","(0.0, 0.0)","(0.0, 0.0)","(0.0, 0.0)","(0.0, 0.0)","(0.0, 0.0)"
"(-123.20288085937496, 49.25661468505445)","(-123.1482391357422, 49.21940231322826)","(0.0, 0.0)","(0.0, 0.0)","(0.0, 0.0)","(0.0, 0.0)","(-123.14736938476562, 49.24388504027905)","(0.0, 0.0)","(0.0, 0.0)","(0.0, 0.0)","(0.0, 0.0)","(0.0, 0.0)","(0.0, 0.0)","(0.0, 0.0)","(0.0, 0.0)","(0.0, 0.0)","(0.0, 0.0)","(0.0, 0.0)","(0.0, 0.0)","(0.0, 0.0)","(0.0, 0.0)"
"(-123.20321655273436, 49.25814819335523)","(-123.14015197753906, 49.21930694579663)","(0.0, 0.0)","(0.0, 0.0)","(0.0, 0.0)","(0.0, 0.0)","(-123.15238189697266, 49.25062179565015)","(0.0, 0.0)","(0.0, 0.0)","(0.0, 0.0)","(0.0, 0.0)","(0.0, 0.0)","(0.0, 0.0)","(0.0, 0.0)","(0.0, 0.0)","(0.0, 0.0)","(0.0, 0.0)","(0.0, 0.0)","(0.0, 0.0)","(0.0, 0.0)","(0.0, 0.0)"
"(-123.1839904785156, 49.25786590575759)","(-123.13959503173828, 49.234272003169686)","(0.0, 0.0)","(0.0, 0.0)","(0.0, 0.0)","(0.0, 0.0)","(-123.1524658203125, 49.25074768065992)","(0.0, 0.0)","(0.0, 0.0)","(0.0, 0.0)","(0.0, 0.0)","(0.0, 0.0)","(0.0, 0.0)","(0.0, 0.0)","(0.0, 0.0)","(0.0, 0.0)","(0.0, 0.0)","(0.0, 0.0)","(0.0, 0.0)","(0.0, 0.0)","(0.0, 0.0)"
"(-123.17807006835936, 49.25776672362869)","(-123.1552734375, 49.2345237731892)","(0.0, 0.0)","(0.0, 0.0)","(0.0, 0.0)","(0.0, 0.0)","(-123.15254211425778, 49.250877380366944)","(0.0, 0.0)","(0.0, 0.0)","(0.0, 0.0)","(0.0, 0.0)","(0.0, 0.0)","(0.0, 0.0)","(0.0, 0.0)","(0.0, 0.0)","(0.0, 0.0)","(0.0, 0.0)","(0.0, 0.0)","(0.0, 0.0)","(0.0, 0.0)","(0.0, 0.0)"
"(-123.17810058593749, 49.25716400146071)","(-123.17024993896482, 49.23470306396071)","(0.0, 0.0)","(0.0, 0.0)","(0.0, 0.0)","(0.0, 0.0)","(-123.1526107788086, 49.25100708007397)","(0.0, 0.0)","(0.0, 0.0)","(0.0, 0.0)","(0.0, 0.0)","(0.0, 0.0)","(0.0, 0.0)","(0.0, 0.0)","(0.0, 0.0)","(0.0, 0.0)","(0.0, 0.0)","(0.0, 0.0)","(0.0, 0.0)","(0.0, 0.0)","(0.0, 0.0)"
"(-123.17792510986328, 49.25693893432204)","(-123.17870330810544, 49.23472213744702)","(0.0, 0.0)","(0.0, 0.0)","(0.0, 0.0)","(0.0, 0.0)","(-123.15266418457028, 49.25114059447827)","(0.0, 0.0)","(0.0, 0.0)","(0.0, 0.0)","(0.0, 0.0)","(0.0, 0.0)","(0.0, 0.0)","(0.0, 0.0)","(0.0, 0.0)","(0.0, 0.0)","(0.0, 0.0)","(0.0, 0.0)","(0.0, 0.0)","(0.0, 0.0)","(0.0, 0.0)"
"(-123.17616271972652, 49.25561141967359)","(-123.17908477783202, 49.21555709838452)","(0.0, 0.0)","(0.0, 0.0)","(0.0, 0.0)","(0.0, 0.0)","(-123.15270996093749, 49.25127792357984)","(0.0, 0.0)","(0.0, 0.0)","(0.0, 0.0)","(0.0, 0.0)","(0.0, 0.0)","(0.0, 0.0)","(0.0, 0.0)","(0.0, 0.0)","(0.0, 0.0)","(0.0, 0.0)","(0.0, 0.0)","(0.0, 0.0)","(0.0, 0.0)","(0.0, 0.0)"
"(-123.17501068115232, 49.25408172607007)","(0.0, 0.0)","(0.0, 0.0)","(0.0, 0.0)","(0.0, 0.0)","(0.0, 0.0)","(-123.1527404785156, 49.25141525268141)","(0.0, 0.0)","(0.0, 0.0)","(0.0, 0.0)","(0.0, 0.0)","(0.0, 0.0)","(0.0, 0.0)","(0.0, 0.0)","(0.0, 0.0)","(0.0, 0.0)","(0.0, 0.0)","(0.0, 0.0)","(0.0, 0.0)","(0.0, 0.0)","(0.0, 0.0)"
"(-123.17347717285156, 49.25284957885328)","(0.0, 0.0)","(0.0, 0.0)","(0.0, 0.0)","(0.0, 0.0)","(0.0, 0.0)","(-123.1527633666992, 49.25155258178297)","(0.0, 0.0)","(0.0, 0.0)","(0.0, 0.0)","(0.0, 0.0)","(0.0, 0.0)","(0.0, 0.0)","(0.0, 0.0)","(0.0, 0.0)","(0.0, 0.0)","(0.0, 0.0)","(0.0, 0.0)","(0.0, 0.0)","(0.0, 0.0)","(0.0, 0.0)"
"(-123.17189788818358, 49.25154495238844)","(0.0, 0.0)","(0.0, 0.0)","(0.0, 0.0)","(0.0, 0.0)","(0.0, 0.0)","(-123.15277099609376, 49.25169372558179)","(0.0, 0.0)","(0.0, 0.0)","(0.0, 0.0)","(0.0, 0.0)","(0.0, 0.0)","(0.0, 0.0)","(0.0, 0.0)","(0.0, 0.0)","(0.0, 0.0)","(0.0, 0.0)","(0.0, 0.0)","(0.0, 0.0)","(0.0, 0.0)","(0.0, 0.0)"
"(-123.16960144042967, 49.2489624023396)","(0.0, 0.0)","(0.0, 0.0)","(0.0, 0.0)","(0.0, 0.0)","(0.0, 0.0)","(-123.1527633666992, 49.251831054683365)","(0.0, 0.0)","(0.0, 0.0)","(0.0, 0.0)","(0.0, 0.0)","(0.0, 0.0)","(0.0, 0.0)","(0.0, 0.0)","(0.0, 0.0)","(0.0, 0.0)","(0.0, 0.0)","(0.0, 0.0)","(0.0, 0.0)","(0.0, 0.0)","(0.0, 0.0)"
"(-123.17092895507812, 49.249671936031)","(0.0, 0.0)","(0.0, 0.0)","(0.0, 0.0)","(0.0, 0.0)","(0.0, 0.0)","(-123.15259552001952, 49.25722503661694)","(0.0, 0.0)","(0.0, 0.0)","(0.0, 0.0)","(0.0, 0.0)","(0.0, 0.0)","(0.0, 0.0)","(0.0, 0.0)","(0.0, 0.0)","(0.0, 0.0)","(0.0, 0.0)","(0.0, 0.0)","(0.0, 0.0)","(0.0, 0.0)","(0.0, 0.0)"
"(-123.17218780517577, 49.25004577636304)","(0.0, 0.0)","(0.0, 0.0)","(0.0, 0.0)","(0.0, 0.0)","(0.0, 0.0)","(0.0, 0.0)","(0.0, 0.0)","(0.0, 0.0)","(0.0, 0.0)","(0.0, 0.0)","(0.0, 0.0)","(0.0, 0.0)","(0.0, 0.0)","(0.0, 0.0)","(0.0, 0.0)","(0.0, 0.0)","(0.0, 0.0)","(0.0, 0.0)","(0.0, 0.0)","(0.0, 0.0)"
"(-123.1709518432617, 49.24844741820875)","(0.0, 0.0)","(0.0, 0.0)","(0.0, 0.0)","(0.0, 0.0)","(0.0, 0.0)","(0.0, 0.0)","(0.0, 0.0)","(0.0, 0.0)","(0.0, 0.0)","(0.0, 0.0)","(0.0, 0.0)","(0.0, 0.0)","(0.0, 0.0)","(0.0, 0.0)","(0.0, 0.0)","(0.0, 0.0)","(0.0, 0.0)","(0.0, 0.0)","(0.0, 0.0)","(0.0, 0.0)"
"(-123.1705169677734, 49.24809265136304)","(0.0, 0.0)","(0.0, 0.0)","(0.0, 0.0)","(0.0, 0.0)","(0.0, 0.0)","(0.0, 0.0)","(0.0, 0.0)","(0.0, 0.0)","(0.0, 0.0)","(0.0, 0.0)","(0.0, 0.0)","(0.0, 0.0)","(0.0, 0.0)","(0.0, 0.0)","(0.0, 0.0)","(0.0, 0.0)","(0.0, 0.0)","(0.0, 0.0)","(0.0, 0.0)","(0.0, 0.0)"
"(-123.170166015625, 49.24789047240798)","(0.0, 0.0)","(0.0, 0.0)","(0.0, 0.0)","(0.0, 0.0)","(0.0, 0.0)","(0.0, 0.0)","(0.0, 0.0)","(0.0, 0.0)","(0.0, 0.0)","(0.0, 0.0)","(0.0, 0.0)","(0.0, 0.0)","(0.0, 0.0)","(0.0, 0.0)","(0.0, 0.0)","(0.0, 0.0)","(0.0, 0.0)","(0.0, 0.0)","(0.0, 0.0)","(0.0, 0.0)"
